Query,Topic
"Tôi muốn tìm đề kiểm tra cuối kỳ môn Tiếng Việt cho học sinh lớp 5, bạn có thể gợi ý cho tôi không?",Tiếng Việt
"Là giáo viên Ngữ văn, tôi cần bộ đề thi học kỳ 1 cho lớp 9, bạn giúp tôi tổng hợp nhé.",Ngữ văn
"Tôi cần giáo án Hình học về chuyên đề tam giác đồng dạng cho khối THPT, bạn có mẫu không?",Hình học
Bạn có thể tổng hợp bộ câu hỏi trắc nghiệm Vật lý lớp 12 về điện xoay chiều cho mình được không?,Vật lý
"Tôi cần tìm tài liệu lý thuyết Hóa học lớp 11 phần ancol và ete để học thêm, bạn giúp được không?",Hóa học
Tìm bài tập trắc nghiệm Sinh học về cơ chế di truyền và biến dị cho mình với nhé.,Sinh học
Mình muốn tìm các bài tập Lịch sử về phong trào Cần Vương ở Việt Nam.,Lịch sử
Xin gợi ý một số đề thi thử môn Địa lý lớp 12 năm gần đây để học sinh luyện tập.,Địa lý
"Tôi đang chuẩn bị giáo án Tin học lớp 9 về lập trình Pascal, bạn có thể gợi ý một số tài liệu không?",Tin học
"Bạn có tài liệu hướng dẫn dạy Công nghệ lớp 8 về chủ đề điện dân dụng không, gửi cho mình tham khảo.",Công nghệ
"Mình cần bộ giáo trình Âm nhạc lớp 2 để soạn bài giảng, bạn tìm giúp mình được không?",Âm nhạc
Tổng hợp tài liệu hướng dẫn dạy Mỹ thuật sáng tạo dành cho học sinh tiểu học.,Mỹ thuật
"Tôi đang cần đề cương ôn tập môn Vật lý cho học sinh lớp 10, bạn có thể gợi ý giúp tôi không?",Vật lý
Bạn có tài liệu nào về kiến thức cơ bản trong môn Tin học lớp 8 không?,Tin học
"Là giáo viên môn Địa lý, tôi muốn tìm các bài tập thực hành cho học sinh lớp 9.",Địa lý
Tôi cần tìm tuyển tập đề thi thử môn Sinh học để luyện tập cho kỳ thi THPT Quốc gia.,Sinh học
Tôi muốn xin mẫu giáo án Hình học lớp 7 để tham khảo cách soạn bài.,Hình học
Bạn có thể giới thiệu cho mình các chủ đề thảo luận trong môn Giáo dục Công dân không?,Giáo dục Công dân
"Tôi đang làm bài nghiên cứu về lịch sử Việt Nam trong thế kỷ XX, có nguồn tài liệu nào đáng tin cậy không?",Lịch sử
Xin hỏi có những bài tập thực tế nào phù hợp cho môn Hoạt động trải nghiệm ở cấp tiểu học?,Hoạt động trải nghiệm
"Tôi cần đề kiểm tra giữa kỳ môn Đại số lớp 9, bạn có thể kiếm giúp tôi một vài tài liệu không?",Đại số
Có sách tham khảo nào tốt về môn Công nghệ lớp 10 không?,Công nghệ
Bạn có tài liệu hướng dẫn học Mỹ thuật dành cho học sinh tiểu học không?,Mỹ thuật
"Tôi muốn chuẩn bị bài giảng về các thể loại nhạc trong Âm nhạc lớp 6, bạn có tài liệu hỗ trợ không?",Âm nhạc
Bạn có bộ câu hỏi trắc nghiệm môn Toán lớp 8 để ôn tập không?,Toán
"Tôi đang làm giáo án Ngữ văn lớp 11, xin gợi ý một số tài liệu tham khảo.",Ngữ văn
Bạn có biết cách tổ chức hoạt động ngoài trời trong môn Giáo dục thể chất không chia sẻ giúp tôi với.,Giáo dục thể chất
"Tôi cần tài liệu ôn tập môn Hóa học cho học sinh yếu, có tài liệu nào phù hợp không?",Hóa học
"Tôi là giáo viên Tiếng Việt, xin gợi ý cho tôi một số tài liệu giảng dạy lớp 5.",Tiếng Việt
Tôi đang cần tìm đề thi mẫu môn Ngữ văn lớp 9 để luyện tập thêm.,Ngữ văn
Có tài liệu nào về Toán lớp 10 giúp tôi ôn tập kiến thức cơ bản không?,Toán
Bạn có thể giới thiệu cho tôi một số bài tập Đại số nâng cao dành cho học sinh giỏi không?,Đại số
Xin hỏi có bài giảng nào về Hình học không gian dành cho học sinh lớp 11 không?,Hình học
Tôi muốn tìm tài liệu về Vật lý cơ bản để dạy học sinh lớp 8.,Vật lý
Tôi cần đề cương ôn tập môn Hóa học chuẩn bị cho kỳ thi học kỳ.,Hóa học
Cho tôi xin một số tài liệu Sinh học lớp 12 về di truyền học.,Sinh học
"Tôi đang muốn tìm hiểu về các sự kiện lớn trong Lịch sử Việt Nam thế kỷ 20, có tài liệu nào không?",Lịch sử
Bạn có bài giảng Địa lý về khí hậu Việt Nam không?,Địa lý
Bạn có thể giới thiệu cho mình một số tài liệu luyện tin học văn phòng không?,Tin học
Tôi muốn tìm giáo án môn Công nghệ lớp 7 về chủ đề trồng trọt.,Công nghệ
Có tài liệu nào hướng dẫn dạy Âm nhạc cho học sinh tiểu học không?,Âm nhạc
Tôi muốn tìm các bài mẫu Mỹ thuật sáng tạo cho lớp 8.,Mỹ thuật
"Bạn là giáo viên, có thể giới thiệu tài liệu Giáo dục Công dân về quyền và nghĩa vụ của học sinh không?",Giáo dục Công dân
Tôi đang cần kế hoạch bài dạy Giáo dục thể chất cho học sinh lớp 6.,Giáo dục thể chất
Bạn có tài liệu tham khảo về Hoạt động trải nghiệm cho học sinh cấp 2 không?,Hoạt động trải nghiệm
Tôi muốn tìm giáo án Giáo dục Quốc phòng - An ninh.,Giáo dục Quốc phòng - An ninh
"Tôi là giáo viên Toán, cần tìm bộ đề kiểm tra giữa kỳ cho học sinh lớp 10.",Toán
Bạn có tài liệu ôn tập môn Vật lý để chuẩn bị cho kỳ thi học kỳ không?,Vật lý
Hãy gợi ý cho tôi vài bài thực hành Hóa học phù hợp với lớp 9.,Hóa học
Tôi muốn tham khảo giáo trình Sinh học lớp 11 để giảng dạy.,Sinh học
Có giáo án nào về chủ đề Lịch sử Việt Nam thời phong kiến không?,Lịch sử
Tôi đang tìm bài tập Hình học có đáp án cho học sinh giỏi lớp 8.,Hình học
Có sách tham khảo nào về Tiếng Việt cho học sinh tiểu học không?,Tiếng Việt
Tôi muốn tải các đề thi thử môn Ngữ văn dành cho lớp 12.,Ngữ văn
Bạn giúp tôi tìm các bài thực hành Tin học nâng cao cho học sinh cấp 2 được không?,Tin học
Tôi cần tìm giáo án Công nghệ lớp 6 theo chương trình mới.,Công nghệ
Tôi cần tài liệu hướng dẫn soạn bài Giáo dục Công dân lớp 9.,Giáo dục Công dân
Có đề kiểm tra Âm nhạc dành cho học sinh lớp 7 không?,Âm nhạc
Tôi muốn tìm sách bài tập Mỹ thuật để luyện vẽ hình cơ bản.,Mỹ thuật
Bạn có gợi ý hoạt động trải nghiệm cho học sinh tiểu học không?,Hoạt động trải nghiệm
Tôi cần tài liệu ôn tập môn Địa lý lớp 12 để chuẩn bị thi tốt nghiệp.,Địa lý
Có giáo án Giáo dục thể chất mẫu cho trường THCS không?,Giáo dục thể chất
Bạn giúp tôi tìm tài liệu về Giáo dục Quốc phòng – An ninh lớp 10 với.,Giáo dục Quốc phòng - An ninh
Tôi đang cần tranh ảnh minh họa để dạy môn Mỹ thuật cho trẻ em.,Mỹ thuật
Có đề kiểm tra môn Công nghệ chủ đề robot dành cho lớp 8 không?,Công nghệ
Tôi muốn tìm hiểu phương pháp dạy học Ngữ văn.,Ngữ văn
"Tôi là giáo viên Tiếng Việt, cần tìm các bài tập nâng cao cho học sinh lớp 5.",Tiếng Việt
Tôi muốn xin đề cương ôn tập môn Ngữ văn lớp 9 để chuẩn bị cho kỳ thi học kỳ.,Ngữ văn
Tôi đang tìm các bài toán thực tế ứng dụng trong giảng dạy Toán lớp 8.,Toán
Bạn có tài liệu nào về Đại số lớp 10 giúp luyện giải phương trình bậc hai không?,Đại số
Cho tôi hỏi có bài tập Hình học về chứng minh tứ giác nội tiếp nào hay không?,Hình học
Tôi muốn tìm bài giảng Vật lý về các định luật bảo toàn dùng cho lớp 11.,Vật lý
Bạn có tài liệu trắc nghiệm Hóa học lớp 12 ôn luyện thi tốt nghiệp không?,Hóa học
Xin tài liệu tham khảo môn Sinh học về quá trình quang hợp ở thực vật.,Sinh học
Tôi đang cần tìm bộ đề kiểm tra Lịch sử lớp 7 theo chương trình mới.,Lịch sử
Bạn có giáo án Địa lý lớp 9 về chủ đề khí hậu Việt Nam không?,Địa lý
Tôi muốn tìm bài tập Tin học lập trình Pascal dành cho học sinh lớp 8.,Tin học
Bạn có sách hướng dẫn dạy Công nghệ chủ đề điện dân dụng lớp 9 không?,Công nghệ
Tôi cần bộ đề kiểm tra Âm nhạc lớp 6 để ôn tập cho học sinh.,Âm nhạc
Xin chia sẻ tư liệu mỹ thuật về các trường phái hội họa hiện đại cho học sinh THCS.,Mỹ thuật
Bạn có bài giảng Giáo dục Công dân về quyền và nghĩa vụ của học sinh không?,Giáo dục Công dân
"Tôi là giáo viên, cần tìm giáo án Giáo dục thể chất lớp 1 để giảng dạy đầu năm.",Giáo dục thể chất
Tôi muốn tham khảo các hoạt động trải nghiệm sáng tạo cho học sinh tiểu học.,Hoạt động trải nghiệm
Tôi đang tìm giáo án Toán lớp 9 để chuẩn bị bài giảng tuần tới.,Toán
Bạn có đề kiểm tra Ngữ văn lớp 8 không? Tôi muốn tham khảo một số mẫu.,Ngữ văn
"Cần tài liệu ôn tập Hóa học lớp 10 cho học sinh yếu, bạn tìm giúp mình với.",Hóa học
"Làm thế nào để dạy Sinh học lớp 7 hiệu quả hơn, có tài liệu nào gợi ý không?",Sinh học
Tôi muốn xin bộ câu hỏi trắc nghiệm Lịch sử Việt Nam dùng cho lớp 12.,Lịch sử
Bạn tìm giúp mình bài tập Hình học nâng cao cho học sinh lớp 11 với.,Hình học
Mình đang cần giáo án chủ đề Địa lý tự nhiên lớp 6.,Địa lý
Xin đề cương ôn tập Tin học lớp 10 dành cho học sinh tự học tại nhà.,Tin học
Tôi muốn tìm các bài tập thực hành Công nghệ lớp 8 về chủ đề điện dân dụng.,Công nghệ
Có bản nhạc mẫu nào dành cho tiết học Âm nhạc lớp 3 không?,Âm nhạc
"Bạn có tài liệu hướng dẫn vẽ tranh Mỹ thuật lớp 4 không, cho mình xin tham khảo với.",Mỹ thuật
Cần bộ đề kiểm tra Giáo dục Công dân lớp 9 theo hướng phát triển năng lực.,Giáo dục Công dân
Bạn có giáo án Giáo dục thể chất lớp 5 theo chương trình mới không ạ?,Giáo dục thể chất
Mình muốn xin ý tưởng cho hoạt động trải nghiệm đầu năm học tiểu học.,Hoạt động trải nghiệm
Có tài liệu nào về Giáo dục Quốc phòng – An ninh cho học sinh lớp 10 không?,Giáo dục Quốc phòng - An ninh
Nhờ tư vấn phương pháp dạy Tiếng Việt lớp 1 cho trẻ mới bắt đầu học đọc.,Tiếng Việt
Mình cần tìm bài tập Đại số lớp 8 để luyện ôn cho học sinh.,Đại số
"Tôi đang cần tìm đề kiểm tra giữa kỳ môn Toán cho học sinh lớp 9, bạn có thể giới thiệu một vài tài liệu không?",Toán
Bạn có sách tham khảo nào về Hình học dành cho học sinh khá giỏi lớp 8 không?,Hình học
"Là giáo viên Ngữ văn, tôi muốn tìm giáo án bài thơ ""Sóng"" của Xuân Quỳnh cho lớp 12.",Ngữ văn
"Tôi muốn ôn tập về phản ứng hóa học trong môn Hóa học, bạn có tài liệu nào không?",Hóa học
Tôi cần tìm tài liệu giảng dạy môn Giáo dục Công dân cho lớp 10.,Giáo dục Công dân
Bạn có biết bài tập thực hành nào về lĩnh vực Tin học phù hợp với học sinh lớp 7 không?,Tin học
"Là giáo viên Âm nhạc, tôi muốn tìm giáo án bài hát truyền thống cho học sinh lớp 6.",Âm nhạc
"Tôi đang chuẩn bị bài giảng Sinh học về cơ chế di truyền, bạn có tài liệu chất lượng không?",Sinh học
Tôi muốn tìm đề thi thử môn Vật lý lớp 12 để luyện tập cho kỳ thi THPT Quốc gia.,Vật lý
Bạn có tài liệu phân tích các sự kiện quan trọng trong Lịch sử Việt Nam thế kỷ 20 không?,Lịch sử
"Tôi muốn tìm giáo án hoạt động trải nghiệm cho học sinh tiểu học, bạn có thể giúp được không?",Hoạt động trải nghiệm
Bạn có bài kiểm tra giữa kỳ môn Địa lý lớp 9 không?,Địa lý
"Là giáo viên Công nghệ, tôi muốn tìm tài liệu thực hành về lập trình robot.",Công nghệ
"Tôi đang soạn giáo án Mỹ thuật chủ đề vẽ chân dung, bạn có thể gợi ý một số ý tưởng không?",Mỹ thuật
Bạn biết giáo án nào có bài tập Giáo dục thể chất cho học sinh lớp 5 không?,Giáo dục thể chất
Tôi cần tìm bộ đề thi thử môn Toán dành cho học sinh lớp 9.,Toán
"Là giáo viên Địa lý, tôi muốn tham khảo giáo án mẫu về địa lý tự nhiên Việt Nam.",Địa lý
Bạn có bài tập luyện tập về Đại số cho học sinh lớp 8 không?,Đại số
Tôi đang tìm sách tham khảo về Hình học cơ bản cho học sinh trung học cơ sở.,Hình học
 Mình cần tham khảo bài soạn Giáo dục thể chất cho lớp 5.,Giáo dục thể chất
Bạn giúp mình tổng hợp đề kiểm tra trắc nghiệm Hóa học lớp 10 được không?,Hóa học
Tôi đang cần giáo trình Sinh học về di truyền cho học sinh phổ thông.,Sinh học
"Là giáo viên Ngữ văn, tôi muốn xin mẫu bài dạy kỹ năng viết văn nghị luận.",Ngữ văn
 Tôi cần các dạng bài tập Tin học về lập trình C++.,Tin học
Mình cần tìm tài liệu về Công nghệ chế biến thực phẩm cho học sinh lớp 7.,Công nghệ
Bạn cho mình xin tài liệu lịch sử về phong trào Cần Vương nhé.,Lịch sử
Tôi đang tìm giáo án Hoạt động trải nghiệm cho lớp 6.,Hoạt động trải nghiệm
Có đề kiểm tra trắc nghiệm Giáo dục Công dân cho khối 11 không?,Giáo dục Công dân
Bạn giúp mình tìm sách bài tập Mỹ thuật sáng tạo cho thiếu nhi.,Mỹ thuật
Tôi muốn xin giáo án Giáo dục Quốc phòng – An ninh mới nhất cho lớp 10.,Giáo dục Quốc phòng - An ninh
Mình đang cần tài liệu hỗ trợ dạy học chủ đề Tiếng Việt lớp 4.,Tiếng Việt
Tôi muốn tìm giáo án Toán lớp 8 để tham khảo cho việc dạy học.,Toán
Bạn có các bài kiểm tra Hình học lớp 9 mẫu không?,Hình học
Tôi cần đề thi thử Vật lý lớp 12 để luyện tập trước kỳ thi THPT Quốc gia.,Vật lý
Tôi cần giáo án Sinh học về chủ đề di truyền học cho lớp 10.,Sinh học
Làm sao để dạy học sinh kỹ năng Địa lý về nhận biết bản đồ hiệu quả? Tìm giúp mình một số giáo án.,Địa lý
Có tài liệu nào giúp ôn luyện kiến thức Ngữ văn lớp 7 không?,Ngữ văn
Tôi đang tìm đề kiểm tra trắc nghiệm về Hóa học lớp 11.,Hóa học
Mình cần tìm tài liệu bồi dưỡng học sinh giỏi Tin học.,Tin học
Tôi muốn tìm giáo án đơn giản để dạy giờ Âm nhạc cho học sinh tiểu học.,Âm nhạc
Tôi cần tìm giáo trình Giáo dục Công dân lớp 9.,Giáo dục Công dân
Có bộ tranh nào về Mỹ thuật phù hợp với học sinh lớp 5 không?,Mỹ thuật
Tôi cần giáo án Công nghệ về chủ đề nông nghiệp cho lớp 7.,Công nghệ
Cho tôi hỏi tài liệu luyện tập Giáo dục thể chất cho học sinh cấp 2 ở đâu?,Giáo dục thể chất
Có sách nào về hoạt động trải nghiệm giúp phát triển kỹ năng mềm cho học sinh không?,Hoạt động trải nghiệm
Tôi muốn tìm tài liệu về phương pháp giải bài tập Đại số lớp 10.,Đại số
Bạn có bảng phân phối chương trình Lịch sử lớp 6 mới nhất không?,Lịch sử
"Tôi là giáo viên, cần giáo án Giáo dục Quốc phòng – An ninh lớp 11.",Giáo dục Quốc phòng - An ninh
Tôi cần tài liệu hướng dẫn giải bài tập Toán hình lớp 12.,Hình học
Bạn có tài liệu tham khảo về các phong trào yêu nước trong Lịch sử Việt Nam không?,Lịch sử
"Tôi muốn tìm đề thi thử môn Toán cho học sinh lớp 10, bạn có thể tài liệu nào uy tín không?",Toán
"Là sinh viên ngành Sư phạm Ngữ văn, tôi cần một số tư liệu tham khảo về tác phẩm “Chí Phèo”.",Ngữ văn
Tôi cần giáo án môn Địa lý lớp 12 về chủ đề Biển đảo Việt Nam.,Địa lý
Bạn có bài tập vận dụng về phần Hình học không gian dành cho học sinh lớp 11 không?,Hình học
"Tôi là giáo viên Tiếng Việt, mong muốn tìm các trò chơi ôn luyện từ vựng cho học sinh tiểu học.",Tiếng Việt
Tôi đang cần tổng hợp các phương trình hữu cơ thường gặp trong Hóa học lớp 11.,Hóa học
"Là giáo viên Âm nhạc, tôi muốn xin tài liệu dạy hát cho lớp 7.",Âm nhạc
Tôi muốn tìm các chủ đề bài tập Sinh học về di truyền cho lớp 12.,Sinh học
Bạn có tài liệu tham khảo về Công nghệ trong sản xuất nông nghiệp lớp 10 không?,Công nghệ
Mình cần mẫu đề cương Lịch sử Việt Nam giai đoạn 1930-1945 để chuẩn bị ôn thi.,Lịch sử
Tìm giúp tôi các bài báo khoa học về an toàn thông tin trong Tin học.,Tin học
Tôi đang tìm hiểu các kỹ năng cơ bản trong Giáo dục Quốc phòng – An ninh cho học sinh THPT.,Giáo dục Quốc phòng - An ninh
Tôi muốn tìm tài liệu hướng dẫn dạy Mỹ thuật chủ đề tranh phong cảnh cho cấp tiểu học,Mỹ thuật
"Tôi là giáo viên Tiếng Việt, cần tìm giáo án mẫu cho lớp 3 học kỳ 2.",Tiếng Việt
Bạn có tài liệu luyện thi học sinh giỏi Ngữ văn lớp 9 không?,Ngữ văn
Tôi đang tìm bài tập Toán nâng cao dành cho học sinh lớp 6.,Toán
Có sách tham khảo nào về Đại số lớp 10 để học tốt hơn không?,Đại số
Tôi cần giáo trình Vật lý lớp 12 để giảng dạy chuyên sâu.,Vật lý
Bạn có đề kiểm tra trắc nghiệm Hóa học lớp 11 không?,Hóa học
Tôi muốn tìm tài liệu Sinh học về di truyền học cho học sinh lớp 12.,Sinh học
Tôi cần bản đồ Địa lý Việt Nam dùng cho bài giảng lớp 6.,Địa lý
Có tài liệu nào chia sẻ bài giảng Tin học cơ bản cho học sinh tiểu học không?,Tin học
Tôi muốn tìm tài liệu chuyên về Công nghệ lớp 9 chủ đề điện dân dụng.,Công nghệ
Tôi cần tài liệu hướng dẫn vẽ tranh Mỹ thuật dành cho học sinh THCS.,Mỹ thuật
Giới thiệu một số tình huống Giáo dục Công dân lớp 12 thực tế.,Giáo dục Công dân
Tôi cần mẫu giáo án Giáo dục thể chất dành cho tiểu học.,Giáo dục thể chất
Có tài liệu nào mô tả Hoạt động trải nghiệm cho học sinh lớp 4 không?,Hoạt động trải nghiệm
Tôi đang cần bài tập trắc nghiệm Giáo dục Quốc phòng – An ninh lớp 10.,Giáo dục Quốc phòng - An ninh
Bạn có giáo án mẫu Ngữ văn lớp 7 tập trung vào kỹ năng đọc hiểu không?,Ngữ văn
Tôi muốn tìm các đề kiểm tra trắc nghiệm về Toán dành cho học sinh lớp 10.,Toán
"Là giáo viên Địa lý, tôi cần tài liệu hướng dẫn dạy học theo chủ đề cho lớp 8.",Địa lý
Có giáo án môn Giáo dục Công dân lớp 9 nào không? Tôi cần tham khảo để soạn bài.,Giáo dục Công dân
Tôi đang tìm các bài tập thực hành về Tin học cho học sinh trung học cơ sở.,Tin học
Bạn có thể gợi ý những đề thi thử Ngữ văn THPT Quốc gia năm gần đây không?,Ngữ văn
Tôi muốn xin một số tài liệu tham khảo về phương pháp dạy Hóa học sáng tạo.,Hóa học
"Tôi đang chuẩn bị giáo án môn Mỹ thuật cho học sinh tiểu học, bạn có tài liệu không?",Mỹ thuật
Bạn có bài mẫu nào về phân tích tác phẩm trong chương trình Ngữ văn 9 không?,Ngữ văn
Tôi cần tài liệu ôn tập chương trình Lịch sử lớp 11 để chuẩn bị cho kỳ thi học kỳ.,Lịch sử
Tôi muốn tìm các chủ đề trải nghiệm thực tế cho hoạt động trải nghiệm của học sinh.,Hoạt động trải nghiệm
Bạn biết ở đâu có tài liệu ôn tập Hình học nâng cao cho học sinh giỏi không?,Hình học
"Là giáo viên Âm nhạc, tôi cần bài hát thiếu nhi phù hợp dạy cho học sinh lớp 5.",Âm nhạc
Tôi muốn tham khảo đề cương ôn tập Công nghệ lớp 8.,Công nghệ
Có sách tham khảo nào về Giáo dục Quốc phòng – An ninh dành cho học sinh không?,Giáo dục Quốc phòng - An ninh
Bạn có thể giới thiệu một số bài tập vận dụng về Đại số lớp 11 được không?,Đại số
"Tôi muốn tìm giáo án mẫu môn Tiếng Việt cho học sinh lớp 3, bạn có thể gợi ý tài liệu nào không?",Tiếng Việt
"Là giáo viên Ngữ văn, tôi cần tham khảo các đề thi học kỳ lớp 10, bạn có thể giúp tôi không?",Ngữ văn
"Tôi đang cần các bài tập Toán nâng cao dành cho học sinh lớp 9, bạn có thể giới thiệu tài liệu tham khảo không?",Toán
"Tôi muốn tìm các ví dụ thực tế về ứng dụng Đại số trong đời sống, bạn có tài liệu nào phù hợp không?",Đại số
"Học sinh của tôi đang gặp khó khăn với Hình học không gian lớp 11, bạn có tài liệu hướng dẫn nào không?",Hình học
"Tôi cần các thí nghiệm Vật lý đơn giản để dạy học sinh lớp 8, bạn có thể chỉ giúp tôi nguồn tài liệu không?",Vật lý